"Intercept","Candidate_TS18","Candidate_TS19b4","Candidate_TS17","Perc_BachelorsDeg_and_higher","perc_Fem","MedianAge_Total","perc_white","Estimate_MedianIncome_2015","y","yhat","residual","CV_Score","Stud_residual","Intercept_SE","Candidate_TS18_SE","Candidate_TS19b4_SE","Candidate_TS17_SE","Perc_BachelorsDeg_and_higher_SE","perc_Fem_SE","MedianAge_Total_SE","perc_white_SE","Estimate_MedianIncome_2015_SE","Intercept_TV","Candidate_TS18_TV","Candidate_TS19b4_TV","Candidate_TS17_TV","Perc_BachelorsDeg_and_higher_TV","perc_Fem_TV","MedianAge_Total_TV","perc_white_TV","Estimate_MedianIncome_2015_TV","Local_R2","residual_ols","yhat_ols","Intercept_p_by","Candidate_TS18_p_by","Candidate_TS19b4_p_by","Candidate_TS17_p_by","Perc_BachelorsDeg_and_higher_p_by","perc_Fem_p_by","MedianAge_Total_p_by","perc_white_p_by","Estimate_MedianIncome_2015_p_by","Intercept_p","Candidate_TS18_p","Candidate_TS19b4_p","Candidate_TS17_p","Perc_BachelorsDeg_and_higher_p","perc_Fem_p","MedianAge_Total_p","perc_white_p","Estimate_MedianIncome_2015_p","Intercept_t","Candidate_TS18_t","Candidate_TS19b4_t","Candidate_TS17_t","Perc_BachelorsDeg_and_higher_t","perc_Fem_t","MedianAge_Total_t","perc_white_t","Estimate_MedianIncome_2015_t"
"52",1.32196513568745,0.0989077654333738,-0.0652138278401896,-0.0605969692750167,-0.0106310208609649,-0.87817697577568,0.00707223675945635,-0.707040255610568,0.00000573919882218665,0.47807727496657,0.472317246687121,0.00576002827944849,0.0143300050500408,0.249392176194411,0.645676339101184,0.0606978788225722,0.0490150530306075,0.0537560997214503,0.00311943766058383,1.08184599262212,0.00482677552265714,0.202294006176696,0.00000149866207465492,2.04741145931984,1.62950942194362,-1.33048571424511,-1.12725755010155,-3.40799272743767,-0.811739361946709,1.46520937761843,-3.49511223280138,3.82954831462466,0.831148526453533,-0.00679523840414448,0.484872513370714,1,1,1,1,0.154063139707239,1,1,0.0802412185975205,0,0.047,0.111,0.191,0.267,0.002,0.422,0.151,0.001,0,2.04741145931984,1.62950942194362,-1.33048571424511,-1.12725755010155,-3.40799272743767,-0.811739361946709,1.46520937761843,-3.49511223280138,3.82954831462466
"30",1.10917885786122,0.13478192813958,-0.0253019121981075,-0.0767062008049782,-0.00759680666447155,0.0844918700592686,0.00561198801567522,-0.748464395784675,0.0000000891263919529962,0.547762061615966,0.530174763875013,0.0175872977409527,0.0329612888718269,0.655476887727907,0.408257487991519,0.0545139291849382,0.0749411531489983,0.0421862612764374,0.0032844838215067,0.703310196934826,0.0062129821110743,0.218683604189938,0.00000353413643576964,2.71686102640268,2.47243099433052,-0.337623737224887,-1.81827444490374,-2.31293776353164,0.120134572806568,0.903268014513056,-3.42259036088776,0.0252187185109584,0.858731041991362,0.0301987058081532,0.517563355807813,0.566408601864851,0.679690322237821,1,1,0.788512132359886,1,1,0.0802412185975205,1,0.01,0.018,0.737,0.077,0.026,0.905,0.372,0.001,0.98,2.71686102640268,2.47243099433052,-0.337623737224887,-1.81827444490374,-2.31293776353164,0.120134572806568,0.903268014513056,-3.42259036088776,0.0252187185109584
"49",1.6449769431389,0.127009864621793,0.105592122926023,0.0772391927048075,-0.0116706631578282,-1.00604515182205,-0.0175115764694792,-0.0563359914914004,0.00000599705296689755,0.671684180630503,0.69779997050869,-0.0261157898781875,-0.0710926032039135,-1.12963715092398,0.720425044264409,0.089685101136761,0.0592157830509599,0.09331277071605,0.00162660020820596,1.15608721142832,0.00787857349168573,0.126756843824979,0.000000813147577048992,2.28334225223737,1.41617574170001,1.78317532059235,0.827745142621965,-7.17488114101513,-0.870215622036939,-2.22268364799278,-0.444441418636038,7.37511017208164,0.949271398097784,-0.0465307676403266,0.71821494827083,0.817001498447481,1,1,1,0,1,0.850003529419252,1,0,0.028,0.165,0.082,0.413,0,0.389,0.032,0.659,0,2.28334225223737,1.41617574170001,1.78317532059235,0.827745142621965,-7.17488114101513,-0.870215622036939,-2.22268364799278,-0.444441418636038,7.37511017208164
"31",1.405043440618,0.070416337627468,-0.0119469154292397,-0.0330900959679999,-0.00425809070838226,-1.15300462442307,0.00714798168156096,-0.49513773842656,-0.00000108880397596528,0.495336960142112,0.523984369122017,-0.0286474089799052,-0.0587969181504965,-1.22327855219526,0.524823670509301,0.0622287385802998,0.0590467854197472,0.0640003953569966,0.00292983357027128,0.930102306536869,0.0053682029324235,0.246227622481835,0.00000382838670382263,2.67717239059457,1.13157263402669,-0.202329650027726,-0.517029555574182,-1.45335583276424,-1.23965354813081,1.33154088463902,-2.01089436447402,-0.284402820352008,0.954988083219426,-0.0210404602544003,0.516377420396512,0.596723428443533,1,1,1,1,1,1,1,1,0.011,0.265,0.841,0.608,0.154,0.222,0.191,0.051,0.778,2.67717239059457,1.13157263402669,-0.202329650027726,-0.517029555574182,-1.45335583276424,-1.23965354813081,1.33154088463902,-2.01089436447402,-0.284402820352008
"14",1.11891213391665,0.148572694234995,-0.0413388447762965,-0.0701250981297882,-0.00840693320050673,0.162885123045228,0.00537386286499049,-0.815630218429061,0.000000933392325946969,0.572328033999685,0.596661959137682,-0.0243339251379968,-0.0405455580807867,-0.851547503113286,0.418368858162807,0.05828063340389,0.0781649471211521,0.0441646975915951,0.00350370282827812,0.747540955334972,0.00663678341961641,0.223058651704081,0.00000382259966119263,2.67446324477915,2.54926354704097,-0.528866791302541,-1.58780885987847,-2.39944242207273,0.217894580735365,0.809708939590662,-3.65657288878043,0.244177368460226,0.837843781682691,0.0074231120422404,0.564904921957445,0.596723428443533,0.66406525735879,1,1,0.722170967377684,1,1,0.0802412185975205,1,0.011,0.015,0.6,0.12,0.021,0.829,0.423,0.001,0.808,2.67446324477915,2.54926354704097,-0.528866791302541,-1.58780885987847,-2.39944242207273,0.217894580735365,0.809708939590662,-3.65657288878043,0.244177368460226
"32",0.807335375789378,0.0889657441817723,0.0420076189446261,-0.0747353378066022,-0.00495883505596617,-0.213810492272969,0.00280776283125885,-0.255809313922364,0.000000213216885669036,0.495575221238938,0.509050570659158,-0.0134753494202205,-0.0241797424786801,-0.505216634363058,0.509340396943875,0.053511805699042,0.0706463980266061,0.0500588695862195,0.00280938582029273,0.961207187573035,0.00493096810698657,0.253209060207353,0.00000370520045723458,1.58506056192189,1.66254423710028,0.59461798645142,-1.4929489703694,-1.76509578006252,-0.222439547932243,0.569414113078646,-1.01026919697456,0.0575453037237754,0.955147553348782,-0.0561577331490381,0.551732954387976,1,1,1,1,1,1,1,1,1,0.121,0.104,0.556,0.143,0.085,0.825,0.572,0.319,0.954,1.58506056192189,1.66254423710028,0.59461798645142,-1.4929489703694,-1.76509578006252,-0.222439547932243,0.569414113078646,-1.01026919697456,0.0575453037237754
"0",1.11618198323591,0.156801926860404,-0.0514442958932541,-0.0660895670906057,-0.00887324277982356,0.206368296443585,0.00517507275155582,-0.845803293080593,0.00000150009988116906,0.538395630288101,0.544273657212222,-0.0058780269241212,-0.0429829413878514,-0.739894486532713,0.425406211978255,0.0611989195421211,0.0803522555635943,0.0454308362945797,0.00364315128574095,0.778004990444474,0.00688393396460993,0.226038444050272,0.00000400699787307789,2.62380273678975,2.56216822181775,-0.640234621074686,-1.45472926498804,-2.43559547322474,0.26525317829348,0.751760952118468,-3.74185593355297,0.374370021818052,0.826385440095981,0.0244482376932277,0.513947392594873,0.616252558828957,0.641929748780164,1,1,0.706711650033208,1,1,0.0802412185975205,1,0.012,0.014,0.526,0.154,0.02,0.792,0.457,0.001,0.71,2.62380273678975,2.56216822181775,-0.640234621074686,-1.45472926498804,-2.43559547322474,0.26525317829348,0.751760952118468,-3.74185593355297,0.374370021818052
"33",0.782225303380139,0.0823268691508288,0.0435009444515053,-0.08812989242732,-0.00360296383700023,-0.4867909875652,0.0050039959131258,-0.167053077686357,-0.000000337370233802541,0.500952380952381,0.525564239726517,-0.0246118587741356,-0.0341296732200085,-0.79566748584349,0.447099427897087,0.0515227672166166,0.0722682422333108,0.0419896517301254,0.00320792487271504,0.756854418771148,0.00593489102831152,0.256347102396603,0.00000349549935766993,1.749555590038,1.59787359255575,0.601937214842819,-2.0988479017103,-1.12314470567724,-0.643176515181835,0.843148743465545,-0.651667509109986,-0.0965156045765746,0.945555643480013,-0.0594126549605607,0.560365035912942,1,1,1,1,1,1,1,1,1,0.088,0.118,0.551,0.042,0.268,0.524,0.404,0.518,0.924,1.749555590038,1.59787359255575,0.601937214842819,-2.0988479017103,-1.12314470567724,-0.643176515181835,0.843148743465545,-0.651667509109986,-0.0965156045765746
"16",1.36417921126573,0.0675151547691829,-0.0310409411391326,-0.0446794261456738,-0.00371059721001403,-1.20912939077858,0.00858422467524982,-0.429341175275599,-0.00000173590789874939,0.512726571538758,0.51945336993441,-0.00672679839565216,-0.0265467728610066,-0.370770846639676,0.56038605504164,0.0599049203568211,0.0481231383098912,0.0529573816627878,0.00258565671217829,0.922913894276685,0.00474483147603003,0.240151218194589,0.00000332675024484983,2.43435609967911,1.12703855321119,-0.645031521827255,-0.843686465282126,-1.43506954830366,-1.3101215598517,1.80917377542609,-1.78779511719034,-0.521802892007527,0.942771762238364,-0.00389519396023609,0.516621765498994,0.706711650033208,1,1,1,1,1,1,1,1,0.02,0.267,0.523,0.404,0.159,0.198,0.078,0.082,0.605,2.43435609967911,1.12703855321119,-0.645031521827255,-0.843686465282126,-1.43506954830366,-1.3101215598517,1.80917377542609,-1.78779511719034,-0.521802892007527
"1",0.853457583030996,0.0118817461641356,-0.0440169442590499,-0.00716833014562143,-0.00201734503442972,0.1103608594127,-0.00163549756280659,-0.159502683298836,-0.00000184679250449657,0.538894907908992,0.524835363224077,0.0140595446849154,0.0209530747138853,0.48407389402511,0.451490240710689,0.0614518341511534,0.0530804667708904,0.0461223927426933,0.00384197716335721,0.752376664979344,0.00354475306571587,0.278523128009109,0.00000307980028238307,1.89031236132053,0.193350553783472,-0.829249381868455,-0.155419736907666,-0.525079912933921,0.146682990780594,-0.461385471000729,-0.572673028767721,-0.599646839134509,0.804202295437699,-0.00103590992470123,0.539930817833693,1,1,1,1,1,1,1,1,1,0.066,0.848,0.412,0.877,0.602,0.884,0.647,0.57,0.552,1.89031236132053,0.193350553783472,-0.829249381868455,-0.155419736907666,-0.525079912933921,0.146682990780594,-0.461385471000729,-0.572673028767721,-0.599646839134509
"34",1.5215809769899,0.0621548730322313,-0.0696100720060184,-0.0604828298474035,-0.00919145666640979,-1.72539126166347,0.00904804173623572,-0.569675962451661,0.00000600407018934729,0.569168270258713,0.575273355092409,-0.00610508483369554,-0.011985296364606,-0.254640668443037,0.652868675579704,0.0602768139105003,0.0528460000986088,0.0659054510505233,0.00227464273946863,1.0330967487616,0.00666458544715038,0.12012718297269,0.00000122968265574141,2.33060802869557,1.0311572394075,-1.31722499103297,-0.917721203380237,-4.0408352955493,-1.67011585674985,1.35763008937104,-4.74227355003548,4.88261760976639,0.875532953457359,0.0144594603774496,0.554708809881263,0.764202081881148,1,1,1,0,1,1,0,0,0.025,0.309,0.195,0.364,0,0.103,0.182,0,0,2.33060802869557,1.0311572394075,-1.31722499103297,-0.917721203380237,-4.0408352955493,-1.67011585674985,1.35763008937104,-4.74227355003548,4.88261760976639
"54",0.848934748715097,0.083061665677229,0.0204528510033182,-0.0531587821503674,-0.00419595627934333,-0.299696437514714,0.00446956836923549,-0.231613554609668,-0.00000180335633711462,0.440041173443129,0.449976953249705,-0.0099357798065759,-0.0394953931097993,-0.595342517646403,0.499485672673138,0.0545939409034746,0.0663284707675251,0.0504728922697948,0.00267559349368545,0.948244076442284,0.00470770515050084,0.283106432946129,0.00000350030466850995,1.69961781720742,1.52144476662872,0.308357041352626,-1.05321450306861,-1.56823384764764,-0.316054109864988,0.949415527597344,-0.818114771181271,-0.515199820557989,0.960372969595895,-0.0412671531547716,0.481308326597901,1,1,1,1,1,1,1,1,1,0.097,0.136,0.759,0.299,0.125,0.754,0.348,0.418,0.609,1.69961781720742,1.52144476662872,0.308357041352626,-1.05321450306861,-1.56823384764764,-0.316054109864988,0.949415527597344,-0.818114771181271,-0.515199820557989
"9",1.75739058758757,0.0653304782935092,-0.0141190438231918,-0.0689187119681792,-0.0082161037364755,-1.87281896007154,0.00777365591995626,-0.658924183455237,0.00000480236790717141,0.58746627931106,0.597926302889344,-0.0104600235782836,-0.0338526831172128,-0.515451647441439,0.699494634160195,0.0566043614454285,0.0476947254980795,0.0553512141595703,0.00294634518699447,1.16884342135384,0.00672759251919817,0.232637179618841,0.00000172230011823674,2.51237179209741,1.15415979661732,-0.296029459772451,-1.24511653474295,-2.78857473073501,-1.60228386955569,1.1554885195221,-2.83241133053124,2.78834557132121,0.849780254431901,0.0409788571726008,0.546487422138459,0.669839737857562,1,1,1,0.489089332403934,1,1,0.4419844171929,0.489089332403934,0.016,0.255,0.769,0.221,0.008,0.117,0.255,0.007,0.008,2.51237179209741,1.15415979661732,-0.296029459772451,-1.24511653474295,-2.78857473073501,-1.60228386955569,1.1554885195221,-2.83241133053124,2.78834557132121
"35",1.66037122650269,0.0887163535664313,0.00506478603526685,-0.0171543863943673,-0.0103439092144181,-1.58370511527471,-0.00210039261046739,-0.353411598369056,0.0000061202045862939,0.63998408989211,0.625024339758695,0.0149597501334152,0.0184560734474493,0.427982756002114,0.588632834348393,0.0609200719201929,0.0526765596390085,0.0710833632138284,0.00151702709951785,0.919884683869186,0.00628410433620275,0.0984982995055415,0.000000814050831284819,2.82072478736374,1.45627460326462,0.0961487627509416,-0.24132772590915,-6.818539509087,-1.72163439944818,-0.334238977918782,-3.58799695165472,7.51820936861444,0.929587535225764,0.0380241700627605,0.601959919829349,0.4419844171929,1,1,1,0,1,1,0.0802412185975205,0,0.007,0.153,0.924,0.811,0,0.093,0.74,0.001,0,2.82072478736374,1.45627460326462,0.0961487627509416,-0.24132772590915,-6.818539509087,-1.72163439944818,-0.334238977918782,-3.58799695165472,7.51820936861444
"2",1.10015660304052,0.153955522149967,-0.0474438056517689,-0.0677437793561167,-0.00871894713335142,0.200508871904186,0.00541953674517771,-0.822611882689462,0.0000011782357461424,0.652325792153438,0.606945301838415,0.0453804903150228,0.0782528924844287,1.64336914850258,0.42322586695529,0.0606232202688161,0.0803844827712422,0.0452522131047586,0.00353788862135129,0.764423431912012,0.00653343518563569,0.224654803395523,0.00000390349571867942,2.59945501666783,2.53954708224499,-0.590210996154373,-1.49702687908965,-2.46444929914759,0.262300792379772,0.829507998654831,-3.66167057305775,0.301841178025169,0.828504052724526,0.109759163005978,0.54256662914746,0.63380405575763,0.66406525735879,1,1,0.679690322237821,1,1,0.0802412185975205,1,0.013,0.015,0.558,0.142,0.018,0.794,0.412,0.001,0.764,2.59945501666783,2.53954708224499,-0.590210996154373,-1.49702687908965,-2.46444929914759,0.262300792379772,0.829507998654831,-3.66167057305775,0.301841178025169
"57",0.722932766345585,0.0292880536278196,-0.0444225444888801,-0.00632537150070768,-0.0037799508599507,0.25492017273641,0.000182612214480522,-0.232445143584254,-0.000000280487393211289,0.497406639004149,0.50841743910931,-0.0110108001051608,-0.0176618323152027,-0.385853955725092,0.456950817054025,0.0599187359233973,0.0501013898639508,0.0454089242504662,0.00372193250261947,0.745032048881553,0.0035851970189541,0.270235109955444,0.00000297004600545664,1.58208003873667,0.488796253399983,-0.886652937363785,-0.139297981731922,-1.01558823468464,0.342160009249398,0.0509350569899212,-0.860158932059494,-0.0944387368734259,0.801698262019363,-0.0290649990035133,0.526471638007662,1,1,1,1,1,1,1,1,1,0.122,0.628,0.381,0.89,0.316,0.734,0.96,0.395,0.925,1.58208003873667,0.488796253399983,-0.886652937363785,-0.139297981731922,-1.01558823468464,0.342160009249398,0.0509350569899212,-0.860158932059494,-0.0944387368734259
"20",0.955225939715414,-0.00681452492298754,-0.0369115122254828,-0.0123854230867549,-0.000915838935590557,0.00830970034428263,-0.00213962865458221,-0.130105396485019,-0.00000323931649028788,0.549698795180723,0.553156128097392,-0.00345733291666939,-0.0363480816224196,-0.548193540664212,0.42784245648117,0.0587671970113422,0.0503237045241247,0.0445727677724109,0.00376013617351647,0.716778253643666,0.00336365840630639,0.266477009892117,0.00000308827720941469,2.23265813208852,-0.115957970935254,-0.73348161814653,-0.277869733151753,-0.243565363946398,0.0115931256313109,-0.636101647709145,-0.488242481171984,-1.04890729381829,0.799177689095766,-0.0732806005406223,0.622979395721345,0.850003529419252,1,1,1,1,1,1,1,1,0.031,0.908,0.468,0.783,0.809,0.991,0.528,0.628,0.301,2.23265813208852,-0.115957970935254,-0.73348161814653,-0.277869733151753,-0.243565363946398,0.0115931256313109,-0.636101647709145,-0.488242481171984,-1.04890729381829
"53",1.25240298374504,0.0390432019328907,-0.0467342493683842,-0.0281006585391842,-0.00508273111762064,-0.583377766944931,0.00298608705606615,-0.451606894547742,0.0000003353449774101,0.57180675049636,0.550085986332017,0.021720764164343,0.196281084761506,1.71045635552376,0.58071516269571,0.062071214303499,0.0474979811868825,0.0457241591201982,0.00392423506204503,0.915609043106128,0.00440591970491992,0.278431137141019,0.00000304381626951959,2.1566562476711,0.629006575286055,-0.983920752010631,-0.614569170431634,-1.29521576492207,-0.637147231492898,0.67774432038144,-1.62196979542203,0.110172542530968,0.782395984509098,0.0492317093281396,0.52257504116822,0.950056028194643,1,1,1,1,1,1,1,1,0.037,0.533,0.331,0.542,0.203,0.528,0.502,0.113,0.913,2.1566562476711,0.629006575286055,-0.983920752010631,-0.614569170431634,-1.29521576492207,-0.637147231492898,0.67774432038144,-1.62196979542203,0.110172542530968
"47",1.08769383724503,0.145672568379603,-0.0384849021502637,-0.0712995218468109,-0.00833801168737642,0.177894737318712,0.00563673948071093,-0.781960289645593,0.000000560034477913066,0.622450644477076,0.621394728215911,0.00105591626116508,0.0037314298370551,0.0669481702140258,0.41775457515881,0.0586524862028726,0.0797309808638741,0.0444859014342071,0.00336824061133154,0.736753010672886,0.00608017991757502,0.222396028119676,0.00000372391881870781,2.60366708570825,2.48365547328611,-0.48268441869503,-1.60274423015256,-2.47547982745811,0.24145776772088,0.927067875807046,-3.51607129073729,0.150388476542407,0.836904378565382,0.0113380936055172,0.611112550871559,0.63380405575763,0.679690322237821,1,1,0.679690322237821,1,1,0.0802412185975205,1,0.013,0.017,0.632,0.117,0.018,0.81,0.36,0.001,0.881,2.60366708570825,2.48365547328611,-0.48268441869503,-1.60274423015256,-2.47547982745811,0.24145776772088,0.927067875807046,-3.51607129073729,0.150388476542407
"36",1.77220821103354,0.0582314455776714,-0.0302987337907051,-0.0706489228815812,-0.00928466139060257,-1.9806416770293,0.00532339499057642,-0.509537771483121,0.00000562306771772317,0.635396975425331,0.656146511264369,-0.0207495358390375,-0.0528905500885004,-0.834086419828739,0.668007422971927,0.0589103139780882,0.0504262870187277,0.0601404574330808,0.0027565869506111,1.06361209597641,0.00582481915076683,0.13045427509604,0.00000141521564431741,2.65297682344469,0.988476238631671,-0.600851967931973,-1.17473205055338,-3.36817287353997,-1.86218423476186,0.91391592644994,-3.90587254505842,3.97329392188518,0.856957285799465,0.0573802728434372,0.578016702581894,0.596723428443533,1,1,1,0.154063139707239,1,1,0,0,0.011,0.329,0.551,0.247,0.002,0.07,0.366,0,0,2.65297682344469,0.988476238631671,-0.600851967931973,-1.17473205055338,-3.36817287353997,-1.86218423476186,0.91391592644994,-3.90587254505842,3.97329392188518
"37",0.969194009532071,-0.00576419957235351,-0.0430193425650677,-0.0158720458689441,-0.00163676927110426,-0.0784686980596647,-0.000696119477260239,-0.177551927432839,-0.00000250311774890387,0.513169845594914,0.518401902192081,-0.0052320565971673,-0.0196053320230231,-0.308936421113251,0.443982366370581,0.058614886074641,0.0448655585374954,0.0430914742019218,0.00378522705459794,0.733356804497994,0.00358851501242822,0.254834212755617,0.00000310903743833397,2.18295608777198,-0.0983401991946771,-0.958850039259296,-0.368333786738636,-0.432409799331871,-0.106999345446013,-0.19398538806424,-0.696735047907831,-0.805110198430165,0.786969092436304,-0.00839704890756631,0.52156689450248,0.910846265161044,1,1,1,1,1,1,1,1,0.035,0.922,0.344,0.715,0.668,0.915,0.847,0.49,0.426,2.18295608777198,-0.0983401991946771,-0.958850039259296,-0.368333786738636,-0.432409799331871,-0.106999345446013,-0.19398538806424,-0.696735047907831,-0.805110198430165
"3",1.13521870153191,0.0000931028134682251,-0.0359327067087804,-0.0272402297838762,-0.00163043542044573,-0.38491800416149,0.000377366590247113,-0.199892333150877,-0.00000315725253617643,0.589566929133858,0.550018301837428,0.0395486272964304,0.0826251913101297,1.66415461280115,0.452328613800942,0.0551200890299575,0.0440960989146444,0.0429313426219841,0.0038219681060191,0.781632617725203,0.00320755700335718,0.265944367572029,0.00000332928785966505,2.50972117813331,0.00168909040436463,-0.814872689267466,-0.634506822293677,-0.426595768258246,-0.49245386570704,0.117649223334813,-0.75163213635926,-0.948326690048986,0.787400702354036,0.0729266718845118,0.516640257249346,0.669839737857562,1,1,1,1,1,1,1,1,0.016,0.999,0.42,0.529,0.672,0.625,0.907,0.457,0.349,2.50972117813331,0.00168909040436463,-0.814872689267466,-0.634506822293677,-0.426595768258246,-0.49245386570704,0.117649223334813,-0.75163213635926,-0.948326690048986
"59",1.16508297560969,0.0774163672928315,-0.0280116788417621,-0.0601908223494223,-0.00569698674630815,0.507571180985433,0.000572300637219619,-0.420755790764047,-0.00000783221468306956,0.558966074313409,0.540920792820525,0.0180452814928839,0.0525615014204609,0.979333579505587,0.482682359670062,0.0509163954204807,0.0646468049477278,0.0451504563490332,0.00236566538462224,0.79835637209218,0.00311188233169436,0.299689870746123,0.00000458904423913823,2.41376746481078,1.52046048534086,-0.433303376159298,-1.33311658876979,-2.40819635073533,0.635770188262277,0.183908186820166,-1.40397067714205,-1.70672023953736,0.910581798031108,0.0238173966173423,0.535148677696067,0.722170967377684,1,1,1,0.722170967377684,1,1,1,1,0.021,0.136,0.667,0.19,0.021,0.529,0.855,0.168,0.096,2.41376746481078,1.52046048534086,-0.433303376159298,-1.33311658876979,-2.40819635073533,0.635770188262277,0.183908186820166,-1.40397067714205,-1.70672023953736
"61",1.72573864112778,0.139947798479752,0.104484648027207,0.0777034359959814,-0.0117094906633375,-1.11403985710569,-0.0185035065213689,-0.0528070067122232,0.00000605910959496181,0.641521598968407,0.622760876301113,0.018760722667294,0.0276955910893371,0.575266641547257,0.714390750128404,0.0829708992863237,0.0579958268457764,0.0854169858523201,0.00162254381801193,1.14588482678578,0.00790572441734953,0.125554902712443,0.000000806000959753196,2.41567887156657,1.68670943286763,1.80158907476317,0.909695363523188,-7.21674849908512,-0.972209275368967,-2.34052005161753,-0.420588966033184,7.51749674940482,0.949374713941853,0.0197903042936226,0.621731294674784,0.706711650033208,1,1,1,0,1,0.763949453093749,1,0,0.02,0.1,0.079,0.369,0,0.337,0.024,0.676,0,2.41567887156657,1.68670943286763,1.80158907476317,0.909695363523188,-7.21674849908512,-0.972209275368967,-2.34052005161753,-0.420588966033184,7.51749674940482
"48",1.05546144071024,0.0428636643179286,-0.0379647368603392,-0.0420637981464936,-0.00362644127868921,0.105223803791922,0.000312585471589622,-0.215297421666412,-0.00000572962366001892,0.544580709313888,0.55637729525735,-0.0117965859434619,-0.0482931436151789,-0.741804711302169,0.465656278915772,0.0523783869926833,0.0520654567526687,0.04273643865909,0.00306610170834662,0.789728199091026,0.00297907846941904,0.278942402681341,0.00000385714198051522,2.26661056341334,0.818346397797936,-0.72917322209784,-0.984260726122686,-1.18275309289879,0.133240529986183,0.104926900985787,-0.771834685572577,-1.48545832353664,0.860190236364687,-0.035477117084524,0.580057826398412,0.827376120649989,1,1,1,1,1,1,1,1,0.029,0.418,0.47,0.331,0.244,0.895,0.917,0.445,0.145,2.26661056341334,0.818346397797936,-0.72917322209784,-0.984260726122686,-1.18275309289879,0.133240529986183,0.104926900985787,-0.771834685572577,-1.48545832353664
"21",1.07931181938006,0.130333504599329,-0.0200715090432349,-0.0789426656312131,-0.00733273188234906,0.0783356892141601,0.00586840878459654,-0.704713316930859,-0.000000381299632977358,0.564479315263909,0.528674300318837,0.0358050149450719,0.0462987397239872,1.05548611650916,0.40753165276869,0.0548645236581715,0.0783202409241715,0.0423672276362858,0.00326131457286957,0.694696870634503,0.00606950236205893,0.219106184997117,0.00000357927920870784,2.64841224490768,2.37555155698352,-0.256274863386437,-1.86329552428873,-2.24839760731733,0.112762404043381,0.966868193557441,-3.21630955757882,-0.106529725887188,0.86213177893908,0.0232791648077691,0.54120015045614,0.616252558828957,0.757147908817629,1,1,0.843411348762259,1,1,0.222206451500826,1,0.012,0.023,0.799,0.07,0.03,0.911,0.34,0.003,0.916,2.64841224490768,2.37555155698352,-0.256274863386437,-1.86329552428873,-2.24839760731733,0.112762404043381,0.966868193557441,-3.21630955757882,-0.106529725887188
"4",1.18603129214711,0.0843945888540465,-0.032119891854705,-0.0563685256634298,-0.00479189143044713,-0.558231346212534,0.00463858414450844,-0.323779087313979,-0.00000307763769327872,0.465269461077844,0.485330309913222,-0.0200608488353778,-0.0477308334468965,-0.878610316439029,0.521890555351321,0.0542914001025173,0.0482517605850904,0.0423894915997295,0.0021541270022695,0.842522840662666,0.00332868260100337,0.274634907172733,0.000003086219273565,2.272567073663,1.55447434943077,-0.665672950898085,-1.32977593116001,-2.22451667213613,-0.662571172282369,1.39351950922273,-1.17894367706992,-0.997219387371537,0.93908686677424,-0.0734583273646,0.538727788442444,0.827376120649989,1,1,1,0.850003529419252,1,1,1,1,0.029,0.128,0.51,0.191,0.032,0.511,0.171,0.246,0.325,2.272567073663,1.55447434943077,-0.665672950898085,-1.32977593116001,-2.22451667213613,-0.662571172282369,1.39351950922273,-1.17894367706992,-0.997219387371537
"50",1.05884739052421,0.1282704001982,-0.0209378697211747,-0.0778220858736636,-0.00758978368101636,0.136246819957624,0.00568040948557211,-0.691467509118621,-0.000000476576566505215,0.514942782094377,0.555010494179661,-0.0400677120852841,-0.0902134383365547,-1.68377292551309,0.413010771587502,0.0574967420566524,0.0877877415691438,0.0434007143806211,0.00318591253258516,0.696958836074811,0.00579763681401405,0.220972512395291,0.00000385246854927087,2.56372826900928,2.23091597210523,-0.238505619884111,-1.79310610399565,-2.38229505781746,0.195487614053292,0.979780153155062,-3.12920146321944,-0.123706802640975,0.85568602632306,0.0103559342162234,0.504586847878154,0.641929748780164,0.850003529419252,1,1,0.736823711643319,1,1,0.222206451500826,1,0.014,0.031,0.813,0.081,0.022,0.846,0.333,0.003,0.902,2.56372826900928,2.23091597210523,-0.238505619884111,-1.79310610399565,-2.38229505781746,0.195487614053292,0.979780153155062,-3.12920146321944,-0.123706802640975
"22",1.85333776841415,0.050412639664666,-0.048666168469264,-0.0547003622164631,-0.00623326506876234,-1.5101162985693,0.00241354522350154,-0.575926559828901,0.00000143651420769823,0.551528266161753,0.575534069376471,-0.0240058032147177,-0.119945634253174,-1.32772151818751,0.721042673172942,0.0618738265250462,0.0480887085859635,0.0468303670767743,0.00377134793710289,1.13488805817489,0.00463986124919974,0.269661113029533,0.00000276669143176378,2.57035795157387,0.814765184181056,-1.01200822189409,-1.16805324474153,-1.65279501459912,-1.33063017774444,0.520176163439763,-2.13574198132834,0.519217355143375,0.787455524601992,-0.0394565287209691,0.590984794882722,0.641929748780164,1,1,1,1,1,1,0.962894623170246,1,0.014,0.42,0.318,0.25,0.106,0.191,0.606,0.039,0.607,2.57035795157387,0.814765184181056,-1.01200822189409,-1.16805324474153,-1.65279501459912,-1.33063017774444,0.520176163439763,-2.13574198132834,0.519217355143375
"58",1.58606696939592,0.120542670614926,0.102689973033134,0.0779924474184885,-0.0116132792496377,-0.921204302984849,-0.0168897643998025,-0.0614757763292399,0.00000595895587660377,0.681144689002698,0.696736856715176,-0.0155921677124782,-0.0308107752041624,-0.573495081906067,0.741099314362212,0.0953392684093642,0.060522496029974,0.100789282641072,0.0016332531987577,1.19807528722582,0.00791813642686729,0.130580958592262,0.000000821351906519975,2.14015441474384,1.26435489411713,1.69672402444004,0.773816871940965,-7.11051982538355,-0.768903517839792,-2.13304791547835,-0.47078668277507,7.25505819040655,0.951796293896774,-0.0467804691458561,0.727925158148554,0.962894623170246,1,1,1,0,1,0.962894623170246,1,0,0.039,0.214,0.098,0.444,0,0.447,0.039,0.64,0,2.14015441474384,1.26435489411713,1.69672402444004,0.773816871940965,-7.11051982538355,-0.768903517839792,-2.13304791547835,-0.47078668277507,7.25505819040655
"15",1.73411912735251,0.138969094302801,0.101759993777295,0.0728998882053794,-0.0116691020311173,-1.14821599882578,-0.0179654315268533,-0.0640930463889784,0.00000607333743847714,0.415235693357564,0.422997101774279,-0.00776140841671519,-0.0369675890019933,-0.454650448549591,0.701274994817971,0.0810732546326075,0.0574972770032282,0.0843859174793988,0.00161634785399829,1.12117523112801,0.0077925931869818,0.123144097723147,0.000000804466003566561,2.4728090123941,1.71411762032442,1.76982283476801,0.86388689467264,-7.21942495376346,-1.02411823499754,-2.30544968738598,-0.520471931452799,7.54952653257104,0.948418506639911,-0.0450167205675042,0.460252413925068,0.679690322237821,1,1,1,0,1,0.806144335677415,1,0,0.018,0.094,0.085,0.393,0,0.312,0.027,0.606,0,2.4728090123941,1.71411762032442,1.76982283476801,0.86388689467264,-7.21942495376346,-1.02411823499754,-2.30544968738598,-0.520471931452799,7.54952653257104
"13",1.08147024444585,0.157554178254733,-0.0525506969870006,-0.0655605223146292,-0.00904531365083007,0.241408904093569,0.00535073678801077,-0.826678248206327,0.00000144155696576464,0.666589043488386,0.609139579790864,0.0574494636975222,0.0735022789630193,1.6897436821454,0.427915753963084,0.0625827744335871,0.0822346534814474,0.0460933535373867,0.00348788189175505,0.7741034179204,0.00619709385594889,0.225861978801318,0.00000390170972158944,2.52729710095962,2.51753265464332,-0.639033482385334,-1.42234220952165,-2.59335434270643,0.311856140284336,0.863426779130406,-3.66010362874543,0.369468020080539,0.820833559288911,0.0900444582251847,0.576544585263201,0.669839737857562,0.669839737857562,1,1,0.63380405575763,1,1,0.0802412185975205,1,0.016,0.016,0.527,0.163,0.013,0.757,0.393,0.001,0.714,2.52729710095962,2.51753265464332,-0.639033482385334,-1.42234220952165,-2.59335434270643,0.311856140284336,0.863426779130406,-3.66010362874543,0.369468020080539
"5",1.2707898514032,0.0691822490544521,-0.0432997504737149,-0.0532560411199746,-0.00480771731527862,-0.501099327727083,0.00299223779425895,-0.338111736358319,-0.00000334420765011491,0.564764515325193,0.550905042326551,0.0138594729986423,0.0252263976647236,0.565357288994981,0.608647234914477,0.0526911504110214,0.0475590053990159,0.0417780421402028,0.00221464463524032,0.923382678668479,0.00275186185916636,0.297051200091315,0.00000279356621946997,2.08789226091163,1.31297662918328,-0.910442724998848,-1.2747375987906,-2.17087529022773,-0.542677851018031,1.087350291328,-1.13822713476459,-1.19711057028368,0.893824335281191,0.0148650759757971,0.549899439349396,1,1,1,1,0.930582723063862,1,1,1,1,0.043,0.197,0.368,0.21,0.036,0.59,0.284,0.262,0.238,2.08789226091163,1.31297662918328,-0.910442724998848,-1.2747375987906,-2.17087529022773,-0.542677851018031,1.087350291328,-1.13822713476459,-1.19711057028368
"23",0.948446211743178,0.0926420633882696,0.026237433568402,-0.0714590454735961,-0.00528053652253972,-0.217769369282898,0.00260967553681332,-0.296286310813106,-0.00000129456065353988,0.455310199789695,0.457789141176923,-0.00247894138722821,-0.00984132563594686,-0.14315515112683,0.477063069029062,0.0536854508195576,0.0673615101664595,0.0460174096936692,0.00251435526571117,0.962305465031482,0.00428624726426721,0.263051254467558,0.0000032801371269108,1.98809397187985,1.72564562603095,0.389501860982121,-1.55286979317802,-2.10015529410326,-0.226299628544429,0.608848574502264,-1.12634441304155,-0.394666626257508,0.954929062091758,-0.0339208176423776,0.489231017432073,1,1,1,1,1,1,1,1,1,0.054,0.092,0.699,0.129,0.042,0.822,0.546,0.267,0.695,1.98809397187985,1.72564562603095,0.389501860982121,-1.55286979317802,-2.10015529410326,-0.226299628544429,0.608848574502264,-1.12634441304155,-0.394666626257508
"24",0.978948269089727,0.113134663426776,0.0261415089644269,-0.0912977771855245,-0.00654368908733327,0.00836615185891839,0.00407117152364577,-0.52898450392541,-0.000000287152737180763,0.505318665333212,0.481021227709877,0.0242974376233355,0.0474197326483661,0.929653662192385,0.401209193000077,0.052727571653806,0.0834972708337594,0.0391603350971134,0.00298958305858799,0.65731075371403,0.00585716232212572,0.218373648098106,0.00000384078413935572,2.43999461171255,2.14564524551947,0.313082196620221,-2.33138396183577,-2.18883000040277,0.0127278487559298,0.695075755074555,-2.422382501426,-0.0747640915922268,0.902070634535112,-0.00906806057261707,0.514386725905829,0.706711650033208,0.962894623170246,1,0.764202081881148,0.910846265161044,1,1,0.706711650033208,1,0.019,0.038,0.756,0.025,0.035,0.99,0.491,0.02,0.941,2.43999461171255,2.14564524551947,0.313082196620221,-2.33138396183577,-2.18883000040277,0.0127278487559298,0.695075755074555,-2.422382501426,-0.0747640915922268
"56",1.89335742410779,0.140702287536209,0.0705637340126459,0.0298902569934122,-0.0112979969156289,-1.59852481244254,-0.0133663056938775,-0.173713061642844,0.00000625202671789134,0.689785102066167,0.70006353151244,-0.0102784294462734,-0.0200580770737003,-0.369460859939711,0.63041414016582,0.0630808261745011,0.0523904663088713,0.0698882801245353,0.00156704145771274,0.976979472965363,0.00707727109627423,0.103720181725225,0.000000819073224438427,3.00335494316446,2.23050800170219,1.34688119774756,0.427686257841089,-7.20976261350452,-1.63619078668116,-1.88862423270942,-1.67482411574485,7.63304980721089,0.9352303717383,0.0519742359970454,0.637810866069122,0.350143499334635,0.850003529419252,1,1,0,1,1,1,0,0.005,0.032,0.186,0.671,0,0.11,0.066,0.102,0,3.00335494316446,2.23050800170219,1.34688119774756,0.427686257841089,-7.20976261350452,-1.63619078668116,-1.88862423270942,-1.67482411574485,7.63304980721089
"25",1.0768627609867,0.148156378291286,-0.0427450011135394,-0.0693375665400478,-0.00864185090398962,0.216496597665783,0.00551919853126384,-0.789520747620279,0.000000786249298284357,0.637789575289575,0.617135884546482,0.020653690743093,0.044932118603308,0.953351324311212,0.421495194727548,0.0601134757145596,0.0812668077531465,0.0451702025238771,0.00332407498359004,0.744815298828866,0.0058080354761086,0.223489015844193,0.00000372443670760803,2.55486367212982,2.46461174520645,-0.525983513999717,-1.53502890546917,-2.5997761622863,0.290671523539055,0.950269424828258,-3.53270492797149,0.211105560386691,0.830042472980069,0.04094470937963,0.596844865909945,0.66406525735879,0.679690322237821,1,1,0.63380405575763,1,1,0.0802412185975205,1,0.015,0.018,0.602,0.133,0.013,0.773,0.348,0.001,0.834,2.55486367212982,2.46461174520645,-0.525983513999717,-1.53502890546917,-2.5997761622863,0.290671523539055,0.950269424828258,-3.53270492797149,0.211105560386691
"17",1.15323572558353,0.108826660628788,0.0114042233926295,-0.0824621220392074,-0.00602694775159319,-0.157877575506559,0.00186933416136667,-0.417604396362773,-0.00000256355098882349,0.547383671382308,0.550357339504032,-0.00297366812172417,-0.00846317164280319,-0.148765435604887,0.502782867960917,0.0564694584374001,0.0693401634461547,0.0486751594506697,0.00253901794869953,0.987887531774897,0.00419784511085813,0.284537080166412,0.00000355131138035784,2.29370529322247,1.92717733869237,0.164467789313553,-1.69413152355011,-2.3737318417462,-0.159813309135411,0.445308035909057,-1.46766247871292,-0.721860381774009,0.952008909585945,-0.0234226653286169,0.570806336710925,0.806144335677415,1,1,1,0.757147908817629,1,1,1,1,0.027,0.061,0.87,0.098,0.023,0.874,0.659,0.15,0.475,2.29370529322247,1.92717733869237,0.164467789313553,-1.69413152355011,-2.3737318417462,-0.159813309135411,0.445308035909057,-1.46766247871292,-0.721860381774009
"6",1.86152638402102,0.0473556189902727,-0.0224265737545473,-0.0531633141546147,-0.00566076544872981,-1.91633374727694,0.0059689629178796,-0.548401563908656,0.00000143566178445292,0.515939278937381,0.479238745608466,0.0367005333289148,0.0877708315943363,1.65828629946365,0.681335513596229,0.0539389886214946,0.0460297892589651,0.0454241133332991,0.0031739060598812,1.14248851353142,0.004157729544457,0.233588059304966,0.00000257362218880279,2.7321728383062,0.877947848124864,-0.487218692842034,-1.17037648626247,-1.78353276433824,-1.67733305375086,1.43563039732522,-2.3477294410528,0.557837040222586,0.829704669529593,0.0161555991192029,0.499783679818178,0.525215249001952,1,1,1,1,1,1,0.763949453093749,1,0.009,0.385,0.629,0.249,0.082,0.101,0.159,0.024,0.58,2.7321728383062,0.877947848124864,-0.487218692842034,-1.17037648626247,-1.78353276433824,-1.67733305375086,1.43563039732522,-2.3477294410528,0.557837040222586
"26",1.70251759332124,0.110632747122218,0.0554559815106284,0.0276282542246622,-0.0110164559684349,-1.37623548735709,-0.00998479893389381,-0.212497710570772,0.00000611992871701554,0.700813953488372,0.709108742259883,-0.00829478877151102,-0.0129386631051474,-0.265144258294053,0.632848072807095,0.0702495073097194,0.0555637419903244,0.0807201274011456,0.00155764170271441,0.994991041984183,0.00687002837859703,0.106611998741599,0.000000801607776733383,2.69024694310826,1.57485442046525,0.998060597147782,0.342272183087141,-7.07252248654953,-1.38316369624056,-1.45338539866889,-1.99318756874461,7.63456754618169,0.942467824535286,0.0279391671510187,0.672874786337353,0.566408601864851,1,1,1,0,1,1,1,0,0.01,0.123,0.324,0.734,0,0.174,0.154,0.053,0,2.69024694310826,1.57485442046525,0.998060597147782,0.342272183087141,-7.07252248654953,-1.38316369624056,-1.45338539866889,-1.99318756874461,7.63456754618169
"7",1.62216564637592,0.125847935000476,0.109691437135472,0.0841619504172243,-0.0117210712147556,-0.945855514825076,-0.0180741337325343,-0.0420946743392958,0.00000597106266691617,0.674815602151577,0.677474406894001,-0.00265880474242386,-0.00624927461529357,-0.122837268432715,0.739370226600829,0.0931822467219218,0.0600127207253459,0.0959094797598832,0.00163444613259398,1.19128558270167,0.00802032625538018,0.13005907421869,0.000000816594691331286,2.19398291683132,1.35055699371615,1.8278031025703,0.87751440866878,-7.17128021597961,-0.793978814618074,-2.25354096043285,-0.323658111455683,7.31214974858777,0.950438208150686,-0.0346686214024721,0.709484223554049,0.896942936651736,1,1,1,0,1,0.843411348762259,1,0,0.034,0.185,0.075,0.386,0,0.432,0.03,0.748,0,2.19398291683132,1.35055699371615,1.8278031025703,0.87751440866878,-7.17128021597961,-0.793978814618074,-2.25354096043285,-0.323658111455683,7.31214974858777
"43",0.884273231941268,0.122098652754484,-0.0979541848032094,-0.0287968986856464,-0.0115795068460107,-0.158964876537932,0.0101615283786042,-0.813849935387412,0.00000637889909598929,0.532572196104768,0.541650552957387,-0.0090783568526186,-0.0139190908367904,-0.310596730367625,0.660115658944902,0.0603047373186253,0.0523929630311206,0.0609748763460202,0.00300788127422748,1.05203521054524,0.00512069009941457,0.196883366799144,0.00000148154099740694,1.33957317927384,2.02469421447548,-1.86960574734103,-0.47227481893083,-3.84972204362844,-0.151102239682211,1.98440604319443,-4.13366526903048,4.30558392049491,0.834476847487058,-0.0358871031161344,0.568459299220902,1,1,1,1,0,1,1,0,0,0.188,0.05,0.069,0.639,0,0.881,0.054,0,0,1.33957317927384,2.02469421447548,-1.86960574734103,-0.47227481893083,-3.84972204362844,-0.151102239682211,1.98440604319443,-4.13366526903048,4.30558392049491
"44",1.73470032733665,0.153666703630569,0.107974808235986,0.082657691186653,-0.0118639357422669,-1.06897279269242,-0.0201512975148198,-0.0209392940162215,0.00000606648504781233,0.818071235792755,0.750429811427337,0.0676414243654179,0.1256104152765,2.56231386343611,0.742726077082647,0.087343960993786,0.0584625087334705,0.0848185796477813,0.00163998997131184,1.19110272733452,0.00827667275890239,0.129581610840301,0.000000813354643537577,2.33558559590418,1.75932831396897,1.84690685663595,0.974523406662765,-7.23415139714356,-0.897464818239981,-2.43470994949572,-0.161591555163082,7.45859766832702,0.948738060984731,0.139248155364117,0.678823080428638,0.764202081881148,1,1,1,0,1,0.706711650033208,1,0,0.025,0.086,0.072,0.336,0,0.375,0.02,0.872,0,2.33558559590418,1.75932831396897,1.84690685663595,0.974523406662765,-7.23415139714356,-0.897464818239981,-2.43470994949572,-0.161591555163082,7.45859766832702
"55",1.74798121372265,0.131321735606429,0.0913498218185886,0.0569804742633078,-0.0115015638751991,-1.25413899042298,-0.0157186351310031,-0.106789158862044,0.00000610018247791653,0.625271296798698,0.614390596857894,0.0108806999408038,0.0267654203590241,0.452911710909558,0.667516060011924,0.0765561593752086,0.0564782429404528,0.0826733706085262,0.00159638118132438,1.05508695147179,0.00743876995989226,0.115471669965731,0.000000805094575142363,2.61863544330518,1.71536472934606,1.61743384819712,0.689224037243152,-7.20477290120472,-1.18865936942308,-2.11306912510449,-0.924808300544512,7.57697625379955,0.944632613228286,-0.0029080240631294,0.628179320861827,0.616252558828957,1,1,1,0,1,1,1,0,0.012,0.094,0.114,0.495,0,0.242,0.041,0.361,0,2.61863544330518,1.71536472934606,1.61743384819712,0.689224037243152,-7.20477290120472,-1.18865936942308,-2.11306912510449,-0.924808300544512,7.57697625379955
"41",0.741356268391727,0.0906686216623512,-0.0832458449050845,-0.0167945496675298,-0.00889007457698354,0.258830387282908,0.00773297009801886,-0.685594369784611,0.0000035232543195565,0.47940367160869,0.505486871367742,-0.0260831997590524,-0.0411483927258587,-0.920785804549995,0.524353646011146,0.0621248157496127,0.0527141387203808,0.0551460621383679,0.00358897445740053,0.846556348967689,0.00472854027893593,0.302942174273685,0.00000253717757121314,1.41384783729714,1.45945900311047,-1.57919387332984,-0.304546671444831,-2.47705150385009,0.305745019334545,1.63538209296147,-2.26311959181104,1.38865105837739,0.800456418254679,-0.0467909161472425,0.526194587755933,1,1,1,1,0.679690322237821,1,1,0.827376120649989,1,0.165,0.152,0.122,0.762,0.018,0.761,0.11,0.029,0.173,1.41384783729714,1.45945900311047,-1.57919387332984,-0.304546671444831,-2.47705150385009,0.305745019334545,1.63538209296147,-2.26311959181104,1.38865105837739
"38",1.3106314411866,0.0987742051104362,-0.0740082483705367,-0.0625514645228004,-0.0101316687918512,-0.66452030983365,0.0064085440814471,-0.74118489061705,0.00000486300282819194,0.475666525603047,0.521742761174881,-0.0460762355718345,-0.0836449963723489,-1.6452053659335,0.662731569131411,0.0622181247099293,0.0501174968269567,0.0549113131791169,0.0032662326122443,1.0836292494687,0.00486410686455362,0.256319297365329,0.00000177473122726571,1.97762035525837,1.5875471266763,-1.47669482827662,-1.13913619801373,-3.10194342983107,-0.613235855491593,1.31751712285524,-2.89164685700838,2.74013481787001,0.809250944221779,-0.0617796676073714,0.537446193210418,1,1,1,1,0.285302110568962,1,1,0.398439154415274,0.525215249001952,0.055,0.12,0.148,0.262,0.004,0.543,0.195,0.006,0.009,1.97762035525837,1.5875471266763,-1.47669482827662,-1.13913619801373,-3.10194342983107,-0.613235855491593,1.31751712285524,-2.89164685700838,2.74013481787001
"39",2.13820282433389,0.0460790730510298,-0.0246713468665031,-0.0878380246165242,-0.00808054642361268,-2.31880743157485,0.00070052924008715,-0.45066141662523,0.0000043579815467059,0.53945945945946,0.537469596486057,0.00198986297340276,0.0150751245901914,0.157506349168402,0.73187314356462,0.0638262450148324,0.0472622637476658,0.0489024720380823,0.00339799069507483,1.28751877436419,0.00505163228395246,0.258686183563141,0.00000178947367954611,2.92154841742065,0.721945541999559,-0.522009419570419,-1.79618781946486,-2.37803665422772,-1.80098921875523,0.138673838615001,-1.74211629866669,2.43534263538946,0.810470351513894,0.000132464163393001,0.539326995296067,0.398439154415274,1,1,1,0.736823711643319,1,1,1,0.706711650033208,0.006,0.475,0.605,0.08,0.022,0.079,0.89,0.089,0.02,2.92154841742065,0.721945541999559,-0.522009419570419,-1.79618781946486,-2.37803665422772,-1.80098921875523,0.138673838615001,-1.74211629866669,2.43534263538946
"27",0.780841507321756,0.0865321543176766,0.0504994728154021,-0.0949157978595975,-0.00401470626382625,-0.39037348671007,0.00459958931075147,-0.207831451463648,-0.0000000558282889037897,0.530623306233062,0.51346644134142,0.0171568648916424,0.0323671736042594,0.655567060404289,0.445812428576506,0.0518109965392116,0.0754158971138955,0.0415358957123102,0.0033381863419476,0.742295367345793,0.00632549826131954,0.251236508535606,0.00000379261211013135,1.75150232983636,1.67015035605786,0.669613102117398,-2.28515110200132,-1.20266092200352,-0.525900475582811,0.727150513798728,-0.827234276877374,-0.0147202738594473,0.942188993821978,-0.0123805019801363,0.543003808213198,1,1,1,0.817001498447481,1,1,1,1,1,0.088,0.103,0.507,0.028,0.236,0.602,0.471,0.413,0.988,1.75150232983636,1.67015035605786,0.669613102117398,-2.28515110200132,-1.20266092200352,-0.525900475582811,0.727150513798728,-0.827234276877374,-0.0147202738594473
"40",0.857796193511357,0.0943621339199235,0.0491972097402744,-0.091383765541152,-0.00529888372713483,-0.257380836634699,0.00280656386420558,-0.294154201386309,0.0000006163178017979,0.535472972972973,0.54801675918702,-0.0125437862140471,-0.0288973114049932,-0.52861849845248,0.428000455209874,0.0508336058560445,0.0706113460025035,0.0392941098854539,0.00281912748196484,0.73842438679883,0.00519749759769168,0.233973659191025,0.00000353006691663923,2.00419458220139,1.8562943220504,0.696732359959972,-2.32563521116891,-1.87961834327608,-0.348554085206314,0.53998367703951,-1.2572107578407,0.174590968486416,0.941206766893772,0.00630848702546746,0.529164485947506,1,1,1,0.764202081881148,1,1,1,1,1,0.052,0.071,0.49,0.025,0.068,0.729,0.592,0.216,0.862,2.00419458220139,1.8562943220504,0.696732359959972,-2.32563521116891,-1.87961834327608,-0.348554085206314,0.53998367703951,-1.2572107578407,0.174590968486416
"46",0.962077977601573,-0.00830689182817292,-0.019960194501946,-0.0185674420640418,-0.000835179178499547,0.0103445598637033,-0.00172115294274412,-0.0785510356389159,-0.00000485851916067948,0.55155010814708,0.54120546769498,0.0103446404521,0.0210441700222146,0.447651735435087,0.450529194944865,0.0583493711743927,0.0515968319923938,0.0439235365686142,0.00433219031077284,0.74939342945241,0.00335577288669412,0.274424471545125,0.00000379473639893756,2.13543980811124,-0.142364718950365,-0.386849225644095,-0.422721928026834,-0.192784508201939,0.0138039105457092,-0.512893154828392,-0.286239179751866,-1.28033113500051,0.80454653158732,0.0141048396394745,0.537445268507606,0.962894623170246,1,1,1,1,1,1,1,1,0.039,0.888,0.701,0.675,0.848,0.989,0.611,0.776,0.208,2.13543980811124,-0.142364718950365,-0.386849225644095,-0.422721928026834,-0.192784508201939,0.0138039105457092,-0.512893154828392,-0.286239179751866,-1.28033113500051
"51",1.01863801223499,0.113109012936445,0.0139660203507474,-0.0893183515461461,-0.00617824745234618,-0.0782351247879452,0.00505267045329338,-0.553765448719104,-0.000000553410379829024,0.548036465638149,0.562562349665152,-0.0145258840270026,-0.017590625247269,-0.403005849512226,0.397858871494038,0.0508529789953805,0.0753421522242897,0.0384540279718664,0.00309524940079786,0.658866683846567,0.00601758799171378,0.216322522832203,0.00000346439631114341,2.56029985811252,2.22423573153343,0.185367950588553,-2.32273070616927,-1.99604188623819,-0.118741965113786,0.839650448028497,-2.55990657592621,-0.159742226387019,0.902766632209531,-0.0278700466867947,0.575906512324944,0.641929748780164,0.850003529419252,1,0.764202081881148,1,1,1,0.641929748780164,1,0.014,0.032,0.854,0.025,0.053,0.906,0.406,0.014,0.874,2.56029985811252,2.22423573153343,0.185367950588553,-2.32273070616927,-1.99604188623819,-0.118741965113786,0.839650448028497,-2.55990657592621,-0.159742226387019
"60",1.41905649909954,0.121436380998545,0.0249356840579179,0.034538605161827,-0.011129274386825,-0.885122366578335,-0.0091407718102962,-0.219155514203836,0.00000627317575538748,0.722491812445083,0.734915913340593,-0.01242410089551,-0.0179635740914038,-0.401291083028127,0.62058567316851,0.0700545507018946,0.0535138041373477,0.0783048048103298,0.00157434551984102,0.994999056483078,0.00668662220296732,0.111600714002481,0.00000079730912310229,2.28664076605941,1.73345456907286,0.465967323009188,0.441079002054684,-7.06914349268696,-0.889571061209733,-1.36702381753224,-1.9637465240497,7.86793424735799,0.949392691914795,0.0139393924654437,0.708552419979639,0.817001498447481,1,1,1,0,1,1,1,0,0.028,0.091,0.644,0.662,0,0.379,0.179,0.057,0,2.28664076605941,1.73345456907286,0.465967323009188,0.441079002054684,-7.06914349268696,-0.889571061209733,-1.36702381753224,-1.9637465240497,7.86793424735799
"10",1.99589260312596,0.131834275195689,0.0335439364832327,-0.0248980253908054,-0.0104246317184693,-2.10924735905509,-0.00466114315583753,-0.357060165734475,0.000006295480732532,0.691900075700227,0.659487719266449,0.032412356433778,0.0543396219685223,1.1731086904017,0.727153736196493,0.0684851901062757,0.0518675899085228,0.068189914640353,0.00169866368222537,1.07455624245771,0.00888538808565903,0.125060460383901,0.00000105165829334381,2.74480141375032,1.92500415040256,0.646722482043083,-0.365127680861934,-6.13696038100508,-1.96290084754507,-0.524585207860599,-2.85510036216403,5.98624170263055,0.898835704223147,0.106277636923446,0.585622438776781,0.525215249001952,1,1,1,0,1,1,0.4419844171929,0,0.009,0.062,0.522,0.717,0,0.057,0.603,0.007,0,2.74480141375032,1.92500415040256,0.646722482043083,-0.365127680861934,-6.13696038100508,-1.96290084754507,-0.524585207860599,-2.85510036216403,5.98624170263055
"28",0.869274147569615,0.0750819572221701,0.0138657613476838,-0.0518526742389028,-0.00359071281907988,-0.503350862839153,0.00618459871856758,-0.254266485570265,-0.00000121951443821834,0.495848161328588,0.509990805206019,-0.014142643877431,-0.035969418762659,-0.673393559161383,0.505268266948046,0.0531076722157559,0.0672900413579789,0.0532677299064682,0.00291778041366502,0.939016472286869,0.00527039251317935,0.259340567447306,0.00000357883725885873,1.72042102073867,1.41376855903496,0.206059634796757,-0.973435029612675,-1.23063161376479,-0.536040503755274,1.17346074378751,-0.980434677355011,-0.340757164970177,0.955606134637599,-0.0792279722108924,0.57507613353948,1,1,1,1,1,1,1,1,1,0.093,0.165,0.838,0.336,0.226,0.595,0.248,0.333,0.735,1.72042102073867,1.41376855903496,0.206059634796757,-0.973435029612675,-1.23063161376479,-0.536040503755274,1.17346074378751,-0.980434677355011,-0.340757164970177
"42",0.680058822037444,0.0767957266869297,0.0351458615767321,-0.062532443345888,-0.00346089665188841,-0.278927017911738,0.00510566299820681,-0.152685785207039,-0.00000100398538636382,0.375154511742892,0.375311383508779,-0.000156871765887079,-0.00368007899279482,-0.0128956183926604,0.530149664106903,0.0527360379373251,0.0700375493881674,0.0519149178283108,0.00302701122486079,0.946325201361728,0.00542953710614814,0.270589671801257,0.00000366556297151039,1.28276761842918,1.45622859984663,0.501814553532479,-1.20451781417994,-1.14333789827541,-0.294747532360305,0.940349591206478,-0.56427055840913,-0.273896641298221,0.955927835817726,0.0464738602740439,0.328680651468848,1,1,1,1,1,1,1,1,1,0.207,0.153,0.619,0.236,0.26,0.77,0.353,0.576,0.786,1.28276761842918,1.45622859984663,0.501814553532479,-1.20451781417994,-1.14333789827541,-0.294747532360305,0.940349591206478,-0.56427055840913,-0.273896641298221
"18",1.93357168888011,0.0758439563271346,0.0192224770750018,-0.028611026195242,-0.00999216671875894,-2.07491985422233,-0.00206409002199918,-0.360188723352226,0.00000586569679394877,0.644146415246546,0.57882724684369,0.0653191684028558,0.0759356989728076,1.77204368856241,0.632750134231615,0.0587672835292145,0.0532271201093947,0.0726409764236656,0.0016853590923823,0.969210715244938,0.00681778440303658,0.100630159622455,0.000000992946099722774,3.05582185490668,1.29058128557926,0.361140656032017,-0.393868964926535,-5.92880577434375,-2.14083462098122,-0.302750849833247,-3.5793317302048,5.90736677004567,0.905662944110079,0.0942480117345232,0.549898403512023,0.285302110568962,1,1,1,0,0.962894623170246,1,0.0802412185975205,0,0.004,0.204,0.72,0.696,0,0.039,0.764,0.001,0,3.05582185490668,1.29058128557926,0.361140656032017,-0.393868964926535,-5.92880577434375,-2.14083462098122,-0.302750849833247,-3.5793317302048,5.90736677004567
"19",0.622414381299687,0.0520367310624378,-0.0560141527642835,-0.00418960327512353,-0.00576318958440268,0.37780980556699,0.00317347172301614,-0.372289618225153,0.00000127936667850778,0.485980100788216,0.506249975218511,-0.0202698744302953,-0.0416612226060614,-0.912919866396812,0.471830133033905,0.0607930262315614,0.0496077142225414,0.047204434514358,0.0037354161100089,0.757138079880802,0.0039665074263017,0.274771856425075,0.00000298475937471441,1.31914928217389,0.855965466568965,-1.12914198209179,-0.0887544426329097,-1.54285076004262,0.498997231292962,0.800067006549143,-1.35490447627655,0.42863310501544,0.799807648093178,-0.0426157473501456,0.528595848138362,1,1,1,1,1,1,1,1,1,0.195,0.397,0.266,0.93,0.131,0.621,0.429,0.183,0.671,1.31914928217389,0.855965466568965,-1.12914198209179,-0.0887544426329097,-1.54285076004262,0.498997231292962,0.800067006549143,-1.35490447627655,0.42863310501544
"8",0.417967928265255,0.0994455872231651,-0.0806583815785729,-0.00193859419032103,-0.00972043830331,0.65776440503142,0.00769565160993861,-0.623735648108938,0.00000477148483221003,0.459869036482694,0.519550359700615,-0.0596813232179212,-0.109782211805544,-2.33978862595725,0.430167142943967,0.0607823477022299,0.0516186299738488,0.0530094753484474,0.00333723260383604,0.761206283037227,0.00430964615992194,0.279504964762994,0.00000202883953098653,0.971640756671409,1.63609322414371,-1.5625827655526,-0.0365707107564839,-2.91272424107827,0.864107955608205,1.78568061608056,-2.23157269724291,2.35182958500906,0.810952153578868,-0.098504819228781,0.558373855711475,1,1,1,1,0.398439154415274,1,1,0.850003529419252,0.763949453093749,0.337,0.11,0.126,0.971,0.006,0.393,0.082,0.031,0.024,0.971640756671409,1.63609322414371,-1.5625827655526,-0.0365707107564839,-2.91272424107827,0.864107955608205,1.78568061608056,-2.23157269724291,2.35182958500906
"45",0.87727042775861,0.100888963524637,0.0567838747667656,-0.0963687717874434,-0.00642894145867528,-0.038134210688917,0.00167595214309235,-0.383173395061787,0.00000104128655375571,0.551078250154036,0.565499231600198,-0.0144209814461622,-0.0209347059864533,-0.458004066122572,0.418356871448351,0.0536272103385861,0.0780930722807719,0.038900121237316,0.00273849691734207,0.693885049416293,0.0051760600541067,0.231530661998754,0.00000401636058890066,2.09694279604277,1.88130172887335,0.727130757035755,-2.47733859746944,-2.34761683241736,-0.0549575332700944,0.323789161171468,-1.6549574546798,0.259261221871697,0.924103578712791,-0.0434734174014213,0.594551667555457,1,1,1,0.679690322237821,0.763949453093749,1,1,1,1,0.043,0.067,0.471,0.018,0.024,0.956,0.748,0.106,0.797,2.09694279604277,1.88130172887335,0.727130757035755,-2.47733859746944,-2.34761683241736,-0.0549575332700944,0.323789161171468,-1.6549574546798,0.259261221871697
"11",1.67226535155131,0.12016247739077,0.0848610735587952,0.0540630674934872,-0.0113794367852771,-1.16762153824224,-0.0143009384042783,-0.123811527089844,0.00000604884599621826,0.578660227171094,0.57996935431823,-0.00130912714713616,-0.00176734401301737,-0.0382407873679412,0.677788934986083,0.0815666535993895,0.0577855729189422,0.0892531760793848,0.00159897916570361,1.07896761764834,0.00738919137712268,0.117741902696223,0.000000807417261863175,2.46723613389416,1.47318140549129,1.46855121913964,0.605727099788602,-7.11668859066697,-1.08216550630789,-1.9353861166128,-1.05155024893118,7.49159855990706,0.947337209699975,-0.0368654556787411,0.615525682849835,0.679690322237821,1,1,1,0,1,1,1,0,0.018,0.149,0.15,0.548,0,0.286,0.06,0.299,0,2.46723613389416,1.47318140549129,1.46855121913964,0.605727099788602,-7.11668859066697,-1.08216550630789,-1.9353861166128,-1.05155024893118,7.49159855990706
"29",1.09981056223993,0.14407773276346,-0.0357868787101741,-0.0725278863233747,-0.0081409110408938,0.148602327985464,0.0056527319154244,-0.781540488439887,0.000000482010595235472,0.651360946745562,0.64392019271084,0.00744075403472189,0.0499052987257153,0.631423808708559,0.415404688127274,0.0574898342918733,0.0781933864544748,0.0438810805635334,0.00340748793141188,0.731782062185331,0.0063207323920212,0.221666157955458,0.00000372130082190882,2.64756415532547,2.50614277355513,-0.457671426355344,-1.65282817542209,-2.38912395429105,0.203069104402055,0.894315969231662,-3.52575465577804,0.129527447068423,0.842293619142845,0.0188436662355504,0.632517280510012,0.616252558828957,0.669839737857562,1,1,0.736823711643319,1,1,0.0802412185975205,1,0.012,0.016,0.65,0.106,0.022,0.84,0.377,0.001,0.898,2.64756415532547,2.50614277355513,-0.457671426355344,-1.65282817542209,-2.38912395429105,0.203069104402055,0.894315969231662,-3.52575465577804,0.129527447068423
"12",0.907840246705967,0.102505110944861,0.0444343842810382,-0.0955155915443199,-0.00570323221155937,-0.142723707492209,0.00360087498431392,-0.398943033381434,0.0000000516985884780388,0.514645902855024,0.526361498838042,-0.0117155959830181,-0.0342084071080535,-0.575930575927964,0.407089088152963,0.0513035961151,0.077291569161963,0.0381994155926262,0.00303960035202181,0.671197208504077,0.00595138354848646,0.224979426633253,0.00000371117447900091,2.23007757546389,1.99801025087774,0.574893028603505,-2.50044640899579,-1.87630989309691,-0.212640496241488,0.605048381603582,-1.77324228864609,0.0139305195081953,0.923842780667218,-0.0384602542321032,0.553106157087127,0.850003529419252,1,1,0.679690322237821,1,1,1,1,1,0.032,0.053,0.569,0.017,0.068,0.833,0.549,0.084,0.989,2.23007757546389,1.99801025087774,0.574893028603505,-2.50044640899579,-1.87630989309691,-0.212640496241488,0.605048381603582,-1.77324228864609,0.0139305195081953
